[{"name":"vc.builder.install","duration":4435215,"timestamp":14054642735,"id":"32a84574-61f3-4565-a129-bea844187851","parentId":"4a43d5de-ace7-4cdc-b48d-972ca5a1d313","tags":{"cliType":"npm","lockfileVersion":"3"},"startTime":1757088295298},{"name":"vc.builder.build","duration":15594345,"timestamp":14059080919,"id":"9426f488-4344-4185-b378-652c368834eb","parentId":"4a43d5de-ace7-4cdc-b48d-972ca5a1d313","tags":{"buildScriptName":"build"},"startTime":1757088299736},{"name":"vc.builder","duration":20064091,"timestamp":14054611201,"id":"4a43d5de-ace7-4cdc-b48d-972ca5a1d313","parentId":"c7e60583-718d-484f-9817-4d1db062b01f","tags":{"name":"@vercel/next","install":"true","build":"true"},"startTime":1757088295267},{"name":"vc.builder.diagnostics","duration":6092,"timestamp":14074675332,"id":"e3212ba2-668d-4fb9-bea0-6275ee2526bd","parentId":"4a43d5de-ace7-4cdc-b48d-972ca5a1d313","tags":{},"startTime":1757088315331},{"name":"vc.doBuild","duration":21166396,"timestamp":14053519636,"id":"c7e60583-718d-484f-9817-4d1db062b01f","parentId":"6619425d-e609-4e96-99ec-daed7afaf89c","tags":{},"startTime":1757088294175},{"name":"vc","duration":22621617,"timestamp":14052064730,"id":"6619425d-e609-4e96-99ec-daed7afaf89c","tags":{},"startTime":1757088292720}]