{
  "//": "This file was generated by the `vercel build` command. It is not part of the Build Output API.",
  "target": "preview",
  "argv": [
    "C:\\Program Files\\nodejs\\node.exe",
    "C:\\Users\\pc\\AppData\\Roaming\\npm\\node_modules\\vercel\\dist\\vc.js",
    "build"
  ],
  "builds": [
    {
      "require": "@vercel/next",
      "requirePath": "C:\\Users\\pc\\AppData\\Roaming\\npm\\node_modules\\vercel\\node_modules\\@vercel\\next\\dist\\index",
      "apiVersion": 2,
      "src": "package.json",
      "use": "@vercel/next",
      "config": {
        "zeroConfig": true,
        "framework": "nextjs"
      },
      "error": {
        "name": "Error",
        "stack": "Error: Command \"npm run build\" exited with 1\n    at ChildProcess.<anonymous> (C:\\Users\\pc\\AppData\\Roaming\\npm\\node_modules\\vercel\\node_modules\\@vercel\\build-utils\\dist\\index.js:23166:9)\n    at ChildProcess.emit (node:events:513:28)\n    at ChildProcess.emit (node:domain:489:12)\n    at cp.emit (C:\\Users\\pc\\AppData\\Roaming\\npm\\node_modules\\vercel\\node_modules\\@vercel\\build-utils\\dist\\index.js:14249:29)\n    at maybeClose (node:internal/child_process:1101:16)\n    at ChildProcess._handle.onexit (node:internal/child_process:305:5)\n    at Process.callbackTrampoline (node:internal/async_hooks:130:17)",
        "message": "Command \"npm run build\" exited with 1",
        "hideStackTrace": true,
        "code": "BUILD_UTILS_SPAWN_1"
      }
    }
  ],
  "error": {
    "name": "Error",
    "stack": "Error: Command \"npm run build\" exited with 1\n    at ChildProcess.<anonymous> (C:\\Users\\pc\\AppData\\Roaming\\npm\\node_modules\\vercel\\node_modules\\@vercel\\build-utils\\dist\\index.js:23166:9)\n    at ChildProcess.emit (node:events:513:28)\n    at ChildProcess.emit (node:domain:489:12)\n    at cp.emit (C:\\Users\\pc\\AppData\\Roaming\\npm\\node_modules\\vercel\\node_modules\\@vercel\\build-utils\\dist\\index.js:14249:29)\n    at maybeClose (node:internal/child_process:1101:16)\n    at ChildProcess._handle.onexit (node:internal/child_process:305:5)\n    at Process.callbackTrampoline (node:internal/async_hooks:130:17)",
    "message": "Command \"npm run build\" exited with 1",
    "hideStackTrace": true,
    "code": "BUILD_UTILS_SPAWN_1"
  }
}
